<?xml version="1.0" encoding="UTF-8"?>
<project-private xmlns="http://www.netbeans.org/ns/project-private/1">
    <editor-bookmarks xmlns="http://www.netbeans.org/ns/editor-bookmarks/2" lastBookmarkId="0"/>
    <open-files xmlns="http://www.netbeans.org/ns/projectui-open-files/2">
        <group>
            <file>file:/D:/Kuliah/JAV/TUBES/tubes/src/tubes/Controller/manager/lihatNilaiView.java</file>
            <file>file:/D:/Kuliah/JAV/TUBES/tubes/src/tubes/Controller/admin/FormHapusSiswaController.java</file>
            <file>file:/D:/Kuliah/JAV/TUBES/tubes/src/tubes/View/admin/formHapusSiswa.fxml</file>
            <file>file:/D:/Kuliah/JAV/TUBES/tubes/src/tubes/Controller/guruDashboardController.java</file>
            <file>file:/D:/Kuliah/JAV/TUBES/tubes/src/tubes/Controller/manager/lihatGuruView.java</file>
            <file>file:/D:/Kuliah/JAV/TUBES/tubes/src/tubes/Controller/admin/FormHapusGuruController.java</file>
            <file>file:/D:/Kuliah/JAV/TUBES/tubes/src/tubes/Controller/IndoPaneSoalController.java</file>
            <file>file:/D:/Kuliah/JAV/TUBES/tubes/src/tubes/Controller/lihatNilaiController.java</file>
            <file>file:/D:/Kuliah/JAV/TUBES/tubes/src/tubes/Controller/FaqsiswaController.java</file>
            <file>file:/D:/Kuliah/JAV/TUBES/tubes/src/tubes/Controller/Launch.java</file>
            <file>file:/D:/Kuliah/JAV/TUBES/tubes/src/tubes/Controller/LoginPageController.java</file>
            <file>file:/D:/Kuliah/JAV/TUBES/tubes/src/tubes/Modul/Cookies.java</file>
            <file>file:/D:/Kuliah/JAV/TUBES/tubes/src/tubes/Controller/manager/lihatSiswaView.java</file>
            <file>file:/D:/Kuliah/JAV/TUBES/tubes/src/tubes/View/admin/formHapusGuru.fxml</file>
            <file>file:/D:/Kuliah/JAV/TUBES/tubes/src/tubes/Modul/Soal.java</file>
        </group>
    </open-files>
</project-private>
